{
  "0": [
    -0.10489575457792923,
    0.9880434475602806
  ],
  "1": [
    0.8246321878722576,
    0.4876542195229827
  ],
  "2": [
    -0.6389895835733197,
    -0.7727165181038259
  ],
  "3": [
    -0.8647918959343827,
    0.5267381748945561
  ],
  "4": [
    0.18025337958252113,
    0.9324328116524685
  ],
  "5": [
    -0.6731111532376741,
    0.7814484005582273
  ],
  "6": [
    0.821890373064299,
    -0.5642663552680747
  ],
  "7": [
    -0.8044772060306191,
    -0.5816465715275977
  ],
  "8": [
    -0.5931074575718356,
    0.6813838887457005
  ],
  "9": [
    0.6419964535367781,
    -0.6741705319840827
  ],
  "10": [
    0.36447268234986063,
    -0.9167416015904233
  ],
  "11": [
    -0.83059604421963,
    -0.47300013435451693
  ],
  "12": [
    -0.004645432035172716,
    0.960985152070942
  ],
  "13": [
    -0.9336261697485514,
    0.23181533786994338
  ],
  "14": [
    0.18320353506991385,
    -0.9854122983489524
  ],
  "15": [
    0.4475529830703176,
    -0.8670527777312534
  ],
  "16": [
    -0.4671402903619558,
    0.9042002759799053
  ],
  "17": [
    0.9170272807978405,
    0.4347270689159643
  ],
  "18": [
    -0.3826571145750207,
    -0.9200280625925078
  ],
  "19": [
    0.8244313176880795,
    -0.47439248358760416
  ],
  "20": [
    -0.9696295753933493,
    -0.13147160904207486
  ],
  "21": [
    -0.7715340632726071,
    0.6707777484323858
  ],
  "22": [
    -0.2864932582123165,
    0.8061805545544357
  ],
  "23": [
    0.4364858462566957,
    0.77528432668078
  ],
  "24": [
    0.2694675134492451,
    -0.9371688361125908
  ],
  "25": [
    0.9545137889479097,
    0.33158919151107413
  ],
  "26": [
    0.7082519189562358,
    0.7346991618763187
  ],
  "27": [
    0.096984861505106,
    0.9833493332132891
  ],
  "28": [
    -0.9133849435517457,
    -0.41572720596204854
  ],
  "29": [
    -0.945497287769998,
    -0.32439268316405157
  ],
  "30": [
    -0.2816302258929338,
    -0.9188786828565174
  ],
  "31": [
    0.9269031457455847,
    -0.32548469135685437
  ],
  "32": [
    -0.7624752976166591,
    0.5572534042373548
  ],
  "33": [
    -0.5439185933660142,
    0.8251871129071636
  ],
  "34": [
    -0.31339369720543403,
    0.9655043097165673
  ],
  "35": [
    0.6167160762630213,
    -0.7742764818715875
  ],
  "36": [
    -0.9613277712281133,
    0.3211286005436257
  ],
  "37": [
    0.5228730706700123,
    0.8121380278779925
  ],
  "38": [
    0.5321868543240413,
    -0.8586699100454082
  ],
  "39": [
    -0.0014991552346003184,
    -0.9840935601537385
  ],
  "40": [
    0.9584389908273481,
    0.22515285774276214
  ],
  "41": [
    -0.10228771423897537,
    -0.9937297440464107
  ],
  "42": [
    -0.6613533740942114,
    -0.6945416766789658
  ],
  "43": [
    0.7308983051539691,
    0.620687285726253
  ],
  "44": [
    0.978246232527901,
    -0.13088179206822595
  ],
  "45": [
    -0.8987167882606145,
    0.41145397128846184
  ],
  "46": [
    0.9555345311390838,
    0.12493015683573316
  ],
  "47": [
    0.937058097975215,
    -0.22873222404005172
  ],
  "48": [
    0.9164262285012245,
    -0.0536286947954566
  ],
  "49": [
    -0.7666591247692215,
    -0.6819936119060555
  ],
  "50": [
    -0.9898301786466642,
    0.12271244862604891
  ],
  "51": [
    -0.9114031232283144,
    0.040157108713648026
  ],
  "52": [
    0.9094013317767784,
    -0.4262085956206102
  ],
  "53": [
    -0.2097703062116371,
    0.93405818552632
  ],
  "54": [
    -0.33916288127108934,
    -0.707703600996784
  ],
  "55": [
    -0.5336162528461935,
    -0.8288750918616442
  ],
  "56": [
    0.8200171140085868,
    0.5888334263863714
  ],
  "57": [
    0.28786317700609365,
    0.9393126197097971
  ],
  "58": [
    0.7483331373772438,
    -0.6594136260712019
  ],
  "59": [
    0.9874216399850694,
    0.028277055625080802
  ],
  "60": [
    0.40215520015476225,
    0.9149818940084858
  ],
  "61": [
    -0.2012698448358858,
    -0.971250627782945
  ],
  "62": [
    -0.9387225118315433,
    -0.2079000740575146
  ],
  "63": [
    0.6098739430841941,
    0.7916126525912841
  ],
  "64": [
    -1.0,
    -0.009192650002011093
  ],
  "65": [
    0.0901028721770201,
    -0.9610472065206145
  ]
}